method,resampling,quantity,min,p025,median,p975,max
original_exact_existing_joint_linear,bootstrap,threshold,-0.1698048251312062,-0.1698048251312062,-0.15015674438193655,0.31611763756888356,0.6451554318876485
original_exact_existing_joint_linear,bootstrap,retained,91,119.0,153.0,154.0,154
original_exact_existing_joint_linear,bootstrap,false_admitted,5,13.0,17.0,17.0,17
original_exact_existing_joint_linear,leave_one_out,threshold,-0.15015674438193655,-0.15015674438193655,-0.15015674438193655,-0.12038547384982135,-0.12038547384982135
original_exact_existing_joint_linear,leave_one_out,retained,150,150.0,153.0,153.0,153
original_exact_existing_joint_linear,leave_one_out,false_admitted,17,17.0,17.0,17.0,17
direct_admission,bootstrap,threshold,-3.75,-3.75,0.5,4.5,10.375
direct_admission,bootstrap,retained,99,155.0,175.0,190.0,190
direct_admission,bootstrap,false_admitted,3,11.0,23.0,43.0,43
direct_admission,leave_one_out,threshold,0.5,0.5,0.5,0.75,0.75
direct_admission,leave_one_out,retained,174,174.0,175.0,175.0,175
direct_admission,leave_one_out,false_admitted,22,22.0,23.0,23.0,23
validity,bootstrap,threshold,-2.25,-2.25,3.25,9.25,11.875
validity,bootstrap,retained,113,137.0,168.0,177.0,177
validity,bootstrap,false_admitted,1,8.0,24.0,42.0,42
validity,leave_one_out,threshold,3.25,3.25,3.25,5.0,5.0
validity,leave_one_out,retained,163,163.0,168.0,168.0,168
validity,leave_one_out,false_admitted,20,20.0,24.0,24.0,24
