item_id,audit_group,item_is_organizable,mention_rows,eligible_aligned_targets,mention_event_yes,mention_event_no,mention_event_uncertain,item_input_sha256,adjudication_version,decision_source,use_scope
NYT-TEXT-0006,REJECT,NO,1,0,0,1,0,233ced52fe272bc536f88bf6b2c62ed42c2ef0142457e6c546395762971499ae,P0-CLOSURE-20260921-v1,A_CONFIRMED_AI_ASSISTED_DIALOGUE,CALIBRATION_DEVELOPMENT_ONLY
NYT-TEXT-0032,MATCHED_EVENT,YES,1,0,1,0,0,9b6d6a9d6f93af7043d8acfb5e6d2daccaf39b7c89dc2d2a34bbba478d920e2a,P0-CLOSURE-20260921-v1,AB_CONSENSUS_UNREOPENED,CALIBRATION_DEVELOPMENT_ONLY
NYT-TEXT-0038,MATCHED_EVENT,YES,1,1,1,0,0,504c9eb620e5051d912fc0932800f92e159ac31ecdee6b24229be95e752f13c3,P0-CLOSURE-20260921-v1,AB_CONSENSUS_UNREOPENED,CALIBRATION_DEVELOPMENT_ONLY
NYT-TEXT-0040,REJECT,NO,1,0,1,0,0,56f5b278d01cafba1c9a62bfa03f3911912321ff3e55ecf17c40e233638a1d28,P0-CLOSURE-20260921-v1,AB_CONSENSUS_UNREOPENED,CALIBRATION_DEVELOPMENT_ONLY
NYT-TEXT-0048,REJECT,NO,4,0,3,1,0,9218e306bfdda0c81b981a1dc9283806292c6bff3be7a805840d4053fc20f710,P0-CLOSURE-20260921-v1,AB_CONSENSUS_UNREOPENED,CALIBRATION_DEVELOPMENT_ONLY
NYT-TEXT-0057,REJECT,NO,1,0,0,1,0,c3bca624ed5f99c5584df724d123dc11384f86021d85fea2eb805ce0cdde763b,P0-CLOSURE-20260921-v1,A_CONFIRMED_AI_ASSISTED_DIALOGUE,CALIBRATION_DEVELOPMENT_ONLY
NYT-TEXT-0069,REJECT,NO,1,0,0,1,0,868304af904d84fc5979b838a9c95a0cf2e3d05a96c33dec9fb7a2adfd5c42b8,P0-CLOSURE-20260921-v1,AB_CONSENSUS_UNREOPENED,CALIBRATION_DEVELOPMENT_ONLY
NYT-TEXT-0111,MATCHED_EVENT,YES,2,1,1,1,0,00b06bfcde491141f2fe680e85205c6ab732ad99f034d1c8bfddf86472ab0327,P0-CLOSURE-20260921-v1,AB_CONSENSUS_UNREOPENED,CALIBRATION_DEVELOPMENT_ONLY
NYT-TEXT-0116,MATCHED_EVENT,YES,1,1,1,0,0,d038d188b1c0fc4213febee7001580c7a4779d897ec08f00f0bd40d09f1d0c79,P0-CLOSURE-20260921-v1,AB_CONSENSUS_UNREOPENED,CALIBRATION_DEVELOPMENT_ONLY
NYT-TEXT-0119,MATCHED_EVENT,YES,2,0,0,2,0,8e7f6e513a2886cdcb617bd3d5bd62cc3289489e5732e8b0dee2c2c5729f0f39,P0-CLOSURE-20260921-v1,AB_CONSENSUS_UNREOPENED,CALIBRATION_DEVELOPMENT_ONLY
NYT-TEXT-0120,MATCHED_EVENT,YES,1,0,1,0,0,58db18db7b4f546d606a73160febe5248eba26d12a97d1c3e2e4fac3410f8027,P0-CLOSURE-20260921-v1,A_CONFIRMED_AI_ASSISTED_DIALOGUE,CALIBRATION_DEVELOPMENT_ONLY
NYT-TEXT-0134,MATCHED_EVENT,YES,1,0,1,0,0,81535df930249dd26d4e8cb1823e0923a1ce56ec0fdd2dc9ca13e7cac6a5dfa0,P0-CLOSURE-20260921-v1,AB_CONSENSUS_UNREOPENED,CALIBRATION_DEVELOPMENT_ONLY
NYT-TEXT-0138,MATCHED_EVENT,YES,1,0,0,1,0,e7cd054dcf4903bf29fa23aff659bebf80933ead9d30887d041a2fd65fbe3f18,P0-CLOSURE-20260921-v1,AB_CONSENSUS_UNREOPENED,CALIBRATION_DEVELOPMENT_ONLY
NYT-TEXT-0149,MATCHED_EVENT,YES,1,1,1,0,0,5970d2a2fa8d80a28140fd3c97641366549c19a97716499a0b612044362b6538,P0-CLOSURE-20260921-v1,AB_CONSENSUS_UNREOPENED,CALIBRATION_DEVELOPMENT_ONLY
NYT-TEXT-0150,REJECT,YES,1,0,1,0,0,f160d82786cb6fdb418d458c4270fad2a73c4198d39de4237b5a40f7331212b4,P0-CLOSURE-20260921-v1,A_CONFIRMED_AI_ASSISTED_DIALOGUE,CALIBRATION_DEVELOPMENT_ONLY
NYT-TEXT-0152,MATCHED_EVENT,NO,1,0,0,1,0,02be4c14cf8ff7894b528b20a35534d91657d039bb407cb99662f4fc0cfac5c9,P0-CLOSURE-20260921-v1,A_CONFIRMED_AI_ASSISTED_DIALOGUE,CALIBRATION_DEVELOPMENT_ONLY
NYT-TEXT-0164,REJECT,NO,1,0,0,1,0,740e611443257841e5d4cedc25a76313d34f4097f94b45c25eecd5e290999698,P0-CLOSURE-20260921-v1,AB_CONSENSUS_UNREOPENED,CALIBRATION_DEVELOPMENT_ONLY
NYT-TEXT-0175,REJECT,NO,1,0,0,1,0,440da1774dba62c53e48a079ef0fb4664140d240a203641112a0407818c31e90,P0-CLOSURE-20260921-v1,A_CONFIRMED_AI_ASSISTED_DIALOGUE,CALIBRATION_DEVELOPMENT_ONLY
NYT-TEXT-0178,REJECT,YES,1,0,0,1,0,464f653698e712061affd1e80644443f4df5854d657f5c34e30fc89110894341,P0-CLOSURE-20260921-v1,A_CONFIRMED_AI_ASSISTED_DIALOGUE,CALIBRATION_DEVELOPMENT_ONLY
NYT-TEXT-0183,MATCHED_EVENT,YES,1,1,1,0,0,9a3e0fd78c13ef1eea28bc82432bc18e900aacfd5bce336f8dc803e07d52ba89,P0-CLOSURE-20260921-v1,AB_CONSENSUS_UNREOPENED,CALIBRATION_DEVELOPMENT_ONLY
NYT-TEXT-0185,MATCHED_EVENT,YES,1,1,1,0,0,503d6171f70add76049090cc3b14a1fa77b23d09f183d570d8a780ecaab4a4e8,P0-CLOSURE-20260921-v1,AB_CONSENSUS_UNREOPENED,CALIBRATION_DEVELOPMENT_ONLY
NYT-TEXT-0191,MATCHED_EVENT,YES,1,0,0,1,0,b282c98100d1d04fe78f7cee9b4af697dd35eddc91942a1f58a2a73a4b171f81,P0-CLOSURE-20260921-v1,A_CONFIRMED_AI_ASSISTED_DIALOGUE,CALIBRATION_DEVELOPMENT_ONLY
NYT-TEXT-0199,REJECT,NO,1,0,1,0,0,49f0b362973fe2eafd6ede02be445988a275d59d588bfdbb842ff2f7dfd5776e,P0-CLOSURE-20260921-v1,A_CONFIRMED_AI_ASSISTED_DIALOGUE,CALIBRATION_DEVELOPMENT_ONLY
NYT-TEXT-0208,MATCHED_EVENT,YES,1,0,1,0,0,931d43ea86f1dd47997677e6d1e2c7fe851ba2561557e9c05be914e359552fb4,P0-CLOSURE-20260921-v1,AB_CONSENSUS_UNREOPENED,CALIBRATION_DEVELOPMENT_ONLY
NYT-TEXT-0212,REJECT,NO,1,0,0,1,0,5b8723105154b4021d85d2781187aa76dc8be66c07acd95d62e6af7f59241703,P0-CLOSURE-20260921-v1,A_CONFIRMED_AI_ASSISTED_DIALOGUE,CALIBRATION_DEVELOPMENT_ONLY
NYT-TEXT-0218,MATCHED_EVENT,NO,1,0,1,0,0,ec468340d810d21afb9310e16d11f96eecc3dc0e1ac4b4394174ee42e53b294e,P0-CLOSURE-20260921-v1,A_CONFIRMED_AI_ASSISTED_DIALOGUE,CALIBRATION_DEVELOPMENT_ONLY
NYT-TEXT-0219,MATCHED_EVENT,NO,1,0,0,1,0,22c243e5fb1e6a8eb822ae5c3872479363a9480fa4f7e1325ae0b0bcd67bcb40,P0-CLOSURE-20260921-v1,A_CONFIRMED_AI_ASSISTED_DIALOGUE,CALIBRATION_DEVELOPMENT_ONLY
NYT-TEXT-0224,REJECT,NO,1,0,1,0,0,6ebfd0a9691a999d25389bf1ba9f91070b7c52cacd3eeb0b3043f198f2381a87,P0-CLOSURE-20260921-v1,AB_CONSENSUS_UNREOPENED,CALIBRATION_DEVELOPMENT_ONLY
NYT-TEXT-0227,MATCHED_EVENT,YES,2,2,2,0,0,5b880736013beb88f0122432dfdc19e3b8b2a5b2274a1bd8ca54cf6ed8855b9c,P0-CLOSURE-20260921-v1,A_CONFIRMED_AI_ASSISTED_DIALOGUE,CALIBRATION_DEVELOPMENT_ONLY
NYT-TEXT-0244,REJECT,YES,13,4,6,7,0,dcb746b8beca16ff5f1894df96c42d5aa7e6a3e32f9abd849288e265c8d6b0cf,P0-CLOSURE-20260921-v1,A_CONFIRMED_AI_ASSISTED_DIALOGUE,CALIBRATION_DEVELOPMENT_ONLY
NYT-TEXT-0248,MATCHED_EVENT,YES,2,2,2,0,0,f010b3ea42a2b952431f2fd450f569fa6f6046c34492d0c8ddda30ad84271f4d,P0-CLOSURE-20260921-v1,AB_CONSENSUS_UNREOPENED,CALIBRATION_DEVELOPMENT_ONLY
NYT-TEXT-0257,REJECT,NO,4,0,1,3,0,a040dafba4abc080552aa5e24bf81aa489aa5f7ee5eeae4c6fc3e5e71949276e,P0-CLOSURE-20260921-v1,A_CONFIRMED_AI_ASSISTED_DIALOGUE,CALIBRATION_DEVELOPMENT_ONLY
NYT-TEXT-0258,MATCHED_EVENT,YES,3,0,0,3,0,1fb52750649aa4043dcb583157a3e60aafcfa6979cc07e9ca65fa8caa61289e8,P0-CLOSURE-20260921-v1,A_CONFIRMED_AI_ASSISTED_DIALOGUE,CALIBRATION_DEVELOPMENT_ONLY
NYT-TEXT-0272,REJECT,NO,2,0,0,2,0,7b750020f222039393abf6735fe01d3fd1e3fcd6339395d7b4d5615755e73429,P0-CLOSURE-20260921-v1,AB_CONSENSUS_UNREOPENED,CALIBRATION_DEVELOPMENT_ONLY
NYT-TEXT-0285,MATCHED_EVENT,YES,4,0,2,2,0,05f1df132f6fce17fce0cc469738684ed33d6bfb5a34360100e5d9771b2cca9d,P0-CLOSURE-20260921-v1,AB_CONSENSUS_UNREOPENED,CALIBRATION_DEVELOPMENT_ONLY
NYT-TEXT-0295,REJECT,NO,2,0,2,0,0,6981b3461b8960196984100cdc42cccdd80d5f8a457e862a83625d08951a2942,P0-CLOSURE-20260921-v1,A_CONFIRMED_AI_ASSISTED_DIALOGUE,CALIBRATION_DEVELOPMENT_ONLY
NYT-TEXT-0308,MATCHED_EVENT,YES,4,2,3,1,0,86cf1f80cb3f5629a94f785b625c000330edb3dc083b3326743904bcc20353dd,P0-CLOSURE-20260921-v1,AB_CONSENSUS_UNREOPENED,CALIBRATION_DEVELOPMENT_ONLY
NYT-TEXT-0311,REJECT,NO,1,0,1,0,0,07d274be17febd919c8b472bb1fc770dd0078e358762c6cd85acc07212504a78,P0-CLOSURE-20260921-v1,AB_CONSENSUS_UNREOPENED,CALIBRATION_DEVELOPMENT_ONLY
NYT-TEXT-0315,MATCHED_EVENT,YES,6,2,4,2,0,f5a972e122a6379b7252f4a67bbdc9ed28a2e5e2b82a1fa1704d69a6dfd58866,P0-CLOSURE-20260921-v1,A_CONFIRMED_AI_ASSISTED_DIALOGUE,CALIBRATION_DEVELOPMENT_ONLY
NYT-TEXT-0317,REJECT,NO,1,0,0,1,0,a37a17448717181636374e410a03ae48ec5fdf92c633945d2949b4962655b9d5,P0-CLOSURE-20260921-v1,A_CONFIRMED_AI_ASSISTED_DIALOGUE,CALIBRATION_DEVELOPMENT_ONLY
NYT-TEXT-0321,REJECT,YES,1,1,1,0,0,e126d0619918cf49453e52ca2c16dc92b9487e13f48846245c74f2150ce59989,P0-CLOSURE-20260921-v1,A_CONFIRMED_AI_ASSISTED_DIALOGUE,CALIBRATION_DEVELOPMENT_ONLY
NYT-TEXT-0328,MATCHED_EVENT,YES,1,1,1,0,0,c51d2c29b40c1724c7099cce26d8389a9d71db8dbb1c7454bee9792bc546bdb2,P0-CLOSURE-20260921-v1,AB_CONSENSUS_UNREOPENED,CALIBRATION_DEVELOPMENT_ONLY
NYT-TEXT-0353,MATCHED_EVENT,NO,1,0,1,0,0,dea7f235b2d06a87a76a1a3724d9e1fc4dc85619e3c3d8634b421f9a12cd2e01,P0-CLOSURE-20260921-v1,A_CONFIRMED_AI_ASSISTED_DIALOGUE,CALIBRATION_DEVELOPMENT_ONLY
NYT-TEXT-0356,MATCHED_EVENT,YES,1,0,0,1,0,a4eef44cae4630b8232e8cc62f82bd342f5abc001e58769a4d9fb3325fd75b02,P0-CLOSURE-20260921-v1,A_CONFIRMED_AI_ASSISTED_DIALOGUE,CALIBRATION_DEVELOPMENT_ONLY
NYT-TEXT-0365,REJECT,NO,1,0,1,0,0,77e2ed6ec16536c004d70bd6849e011afbabccef9f77e9a9705ed65ff697436c,P0-CLOSURE-20260921-v1,A_CONFIRMED_AI_ASSISTED_DIALOGUE,CALIBRATION_DEVELOPMENT_ONLY
NYT-TEXT-0373,MATCHED_EVENT,NO,3,0,1,1,1,a32a1eab81104c9d12a72045bd1edf7c5a1522a8051e4eab4152bf388cb9fb7c,P0-CLOSURE-20260921-v1,A_CONFIRMED_AI_ASSISTED_DIALOGUE,CALIBRATION_DEVELOPMENT_ONLY
NYT-TEXT-0377,MATCHED_EVENT,YES,2,2,2,0,0,ef8f5f3e3d2df9c2dbd60a402ce5f8ae4471090330439c671f3a20621f96739d,P0-CLOSURE-20260921-v1,AB_CONSENSUS_UNREOPENED,CALIBRATION_DEVELOPMENT_ONLY
NYT-TEXT-0397,REJECT,UNCERTAIN,2,0,2,0,0,0a7226d0df70342d8c8be748d091634a6ac125b3e5368ea180213ea3e42c5414,P0-CLOSURE-20260921-v1,A_CONFIRMED_AI_ASSISTED_DIALOGUE,CALIBRATION_DEVELOPMENT_ONLY
NYT-TEXT-0404,REJECT,NO,1,0,0,1,0,e220a6ab05e1e0fd444f6d2c39bdb7f4d91cf009a952bdea4b6e6be45c2a9123,P0-CLOSURE-20260921-v1,A_CONFIRMED_AI_ASSISTED_DIALOGUE,CALIBRATION_DEVELOPMENT_ONLY
NYT-TEXT-0405,MATCHED_EVENT,YES,1,0,1,0,0,d9136fe3b6bff150fd91b55eb1c5d8cfd4f1ee307408a2b2cb57f0618cb63a6d,P0-CLOSURE-20260921-v1,AB_CONSENSUS_UNREOPENED,CALIBRATION_DEVELOPMENT_ONLY
NYT-TEXT-0413,REJECT,NO,1,0,0,1,0,7effca84e57653d823ef33f32ca14393bed715d6313c63dfdec17566aa937ae1,P0-CLOSURE-20260921-v1,AB_CONSENSUS_UNREOPENED,CALIBRATION_DEVELOPMENT_ONLY
NYT-TEXT-0425,MATCHED_EVENT,YES,1,0,1,0,0,5dda04f3cab88e5acceadddf68ff82d9e0cd23da1b00563137bc326ac363f3f7,P0-CLOSURE-20260921-v1,AB_CONSENSUS_UNREOPENED,CALIBRATION_DEVELOPMENT_ONLY
NYT-TEXT-0430,REJECT,NO,1,0,0,1,0,ca207b0a4f923894f0f2996bb19f962f9161409fddbab07558c83b443b28db82,P0-CLOSURE-20260921-v1,AB_CONSENSUS_UNREOPENED,CALIBRATION_DEVELOPMENT_ONLY
NYT-TEXT-0440,REJECT,NO,1,0,0,1,0,c85bcd323399ada6bbc28bfcbee03ef2a1bbb68410e7a479dd60be547659b1ef,P0-CLOSURE-20260921-v1,A_CONFIRMED_AI_ASSISTED_DIALOGUE,CALIBRATION_DEVELOPMENT_ONLY
NYT-TEXT-0442,REJECT,NO,1,0,1,0,0,3e4bfe1359c18dee14adbc7585befcdcb3447a342ee02f614f7c5eeb5b6cc14a,P0-CLOSURE-20260921-v1,A_CONFIRMED_AI_ASSISTED_DIALOGUE,CALIBRATION_DEVELOPMENT_ONLY
NYT-TEXT-0443,MATCHED_EVENT,NO,1,0,1,0,0,8f382e8005cfcb11498d8856c407c0797bf34906b46586f8c19b54c38d0bb017,P0-CLOSURE-20260921-v1,A_CONFIRMED_AI_ASSISTED_DIALOGUE,CALIBRATION_DEVELOPMENT_ONLY
NYT-TEXT-0445,REJECT,NO,1,0,1,0,0,68f05a8b99c06f06893d4bc1fd33a17b3790f7a5c09a188748f04b79fe81e1a2,P0-CLOSURE-20260921-v1,A_CONFIRMED_AI_ASSISTED_DIALOGUE,CALIBRATION_DEVELOPMENT_ONLY
NYT-TEXT-0448,MATCHED_EVENT,YES,1,0,0,1,0,00a541dc9f720d544598eb4cc84743263967578b6619ce7452539963c534cb3f,P0-CLOSURE-20260921-v1,AB_CONSENSUS_UNREOPENED,CALIBRATION_DEVELOPMENT_ONLY
NYT-TEXT-0481,REJECT,NO,1,0,1,0,0,e40acee58acdca8f615d87261b3d420acd0f5e94e7ca89f2331d2aa31e07b9e9,P0-CLOSURE-20260921-v1,AB_CONSENSUS_UNREOPENED,CALIBRATION_DEVELOPMENT_ONLY
NYT-TEXT-0487,REJECT,NO,1,0,0,1,0,92ecb4ba1a530891eaaee202b00a3e6d1053a3c7baab07fbbbae36ba49e0b30e,P0-CLOSURE-20260921-v1,A_CONFIRMED_AI_ASSISTED_DIALOGUE,CALIBRATION_DEVELOPMENT_ONLY
NYT-TEXT-0489,MATCHED_EVENT,YES,1,1,1,0,0,a12fbd3bfc3efa34c9e8340c29391b3598d22f61ec92d17f0d718e228e6fc63f,P0-CLOSURE-20260921-v1,AB_CONSENSUS_UNREOPENED,CALIBRATION_DEVELOPMENT_ONLY
NYT-TEXT-0495,REJECT,NO,1,0,0,1,0,0bbd1fc48195c8fbf4413108d4bab75d8db93b1a96d3dc452ce62711c889103e,P0-CLOSURE-20260921-v1,A_CONFIRMED_AI_ASSISTED_DIALOGUE,CALIBRATION_DEVELOPMENT_ONLY
NYT-TEXT-0497,REJECT,UNCERTAIN,2,0,0,1,1,5908d650c79cbf80fe8d637f08ae9c0856f0f2ded1eb813a06e7c8310fd8394b,P0-CLOSURE-20260921-v1,A_CONFIRMED_AI_ASSISTED_DIALOGUE,CALIBRATION_DEVELOPMENT_ONLY
NYT-TEXT-0501,MATCHED_EVENT,YES,1,0,1,0,0,739d3e82695f99fcd98acc977613b6a4ad3f4dbe6f132e1b282d1ca7b58a3c9a,P0-CLOSURE-20260921-v1,A_CONFIRMED_AI_ASSISTED_DIALOGUE,CALIBRATION_DEVELOPMENT_ONLY
NYT-TEXT-0511,MATCHED_EVENT,YES,2,0,0,2,0,d8295ab54a413d2bd7e0577dbebe4968ef5f7311e7f50c08e94df634768c1fd7,P0-CLOSURE-20260921-v1,A_CONFIRMED_AI_ASSISTED_DIALOGUE,CALIBRATION_DEVELOPMENT_ONLY
NYT-TEXT-0538,REJECT,NO,1,0,1,0,0,39d676e59e55a2e99c8a71f95d641b845a213cd01b57886e35270e1a0c05631e,P0-CLOSURE-20260921-v1,A_CONFIRMED_AI_ASSISTED_DIALOGUE,CALIBRATION_DEVELOPMENT_ONLY
NYT-TEXT-0539,MATCHED_EVENT,YES,2,1,2,0,0,df8de87d2c7f9d17fd5ec2f979fb0dc21d829550d4d38cbed74797e6c0d9cba4,P0-CLOSURE-20260921-v1,AB_CONSENSUS_UNREOPENED,CALIBRATION_DEVELOPMENT_ONLY
NYT-TEXT-0543,MATCHED_EVENT,YES,1,1,1,0,0,c18542fc722a365f23ef08b250868dc082306e10147401a3ce0920b22d093c04,P0-CLOSURE-20260921-v1,AB_CONSENSUS_UNREOPENED,CALIBRATION_DEVELOPMENT_ONLY
NYT-TEXT-0546,MATCHED_EVENT,YES,1,0,0,1,0,906d00ad7cccb8808f7a5b33fcb89c99f5dddef03e14e596187cb4345e7502d2,P0-CLOSURE-20260921-v1,AB_CONSENSUS_UNREOPENED,CALIBRATION_DEVELOPMENT_ONLY
NYT-TEXT-0547,REJECT,NO,1,0,0,1,0,b3949588afb3e8b5c74f8b363cc8a2a2bc9344bb6ee484158ee6f220ab961f80,P0-CLOSURE-20260921-v1,A_CONFIRMED_AI_ASSISTED_DIALOGUE,CALIBRATION_DEVELOPMENT_ONLY
NYT-TEXT-0548,MATCHED_EVENT,YES,1,0,0,1,0,5e509705befcd1b930fa1204a29be6a179b249660a0d279feacf63a88f9cf2f3,P0-CLOSURE-20260921-v1,A_CONFIRMED_AI_ASSISTED_DIALOGUE,CALIBRATION_DEVELOPMENT_ONLY
NYT-TEXT-0552,MATCHED_EVENT,YES,1,0,1,0,0,dd0b41ccebf55c07a0d13833959c288f6ec10aa868b1d650c6bdc7654d8085b2,P0-CLOSURE-20260921-v1,AB_CONSENSUS_UNREOPENED,CALIBRATION_DEVELOPMENT_ONLY
NYT-TEXT-0555,REJECT,NO,1,0,0,1,0,98b7647674294a11ea5eac85b7d0e8f6d2599fe752ccf0f7304a37f5994a92d7,P0-CLOSURE-20260921-v1,AB_CONSENSUS_UNREOPENED,CALIBRATION_DEVELOPMENT_ONLY
NYT-TEXT-0566,REJECT,YES,1,0,0,1,0,2ff593d7fe9cdb00cfb1011873ca6994d59283efd0f52d9862f16fca774bcc41,P0-CLOSURE-20260921-v1,A_CONFIRMED_AI_ASSISTED_DIALOGUE,CALIBRATION_DEVELOPMENT_ONLY
NYT-TEXT-0601,REJECT,NO,1,0,0,1,0,b411eaba3a58bde7aa8b8986e761c0801009cab1876aee4944c78c6a3b46926b,P0-CLOSURE-20260921-v1,A_CONFIRMED_AI_ASSISTED_DIALOGUE,CALIBRATION_DEVELOPMENT_ONLY
NYT-TEXT-0609,REJECT,NO,1,0,0,1,0,149b430ab60567cdb6ffaba8feb79ea77cc12df7d9e0523fbd528f1ca41a60dd,P0-CLOSURE-20260921-v1,AB_CONSENSUS_UNREOPENED,CALIBRATION_DEVELOPMENT_ONLY
NYT-TEXT-0610,REJECT,NO,1,0,0,1,0,d89e217d909afb4844167708c88e7a6a45afd1e6d9c1d18302f2a469d9a8e478,P0-CLOSURE-20260921-v1,AB_CONSENSUS_UNREOPENED,CALIBRATION_DEVELOPMENT_ONLY
NYT-TEXT-0616,MATCHED_EVENT,YES,1,0,1,0,0,d1d9878f846a119fc54d4cb9e1a713af6be6db34e8da8d770055f45ac4169962,P0-CLOSURE-20260921-v1,AB_CONSENSUS_UNREOPENED,CALIBRATION_DEVELOPMENT_ONLY
NYT-TEXT-0623,REJECT,NO,1,0,0,1,0,62ff5bd669312ef7f8cb0edcc334627c729afc92487d4a5d0ffa0849fa801f51,P0-CLOSURE-20260921-v1,AB_CONSENSUS_UNREOPENED,CALIBRATION_DEVELOPMENT_ONLY
NYT-TEXT-0627,REJECT,NO,1,0,0,1,0,83e244779f8a350c58ccf98eaa55dcef90b137216dd2d94e073ddc1f593dad56,P0-CLOSURE-20260921-v1,AB_CONSENSUS_UNREOPENED,CALIBRATION_DEVELOPMENT_ONLY
